id,category,text
1,Finance,Invest in mutual funds for long term wealth creation.
2,Finance,Systematic Investment Plans help build wealth gradually.
3,Finance,Diversify your investment portfolio across asset classes.
4,Finance,Large cap funds generally have lower risk.
5,Finance,Small cap funds offer higher growth potential.
6,Finance,Debt funds provide relatively stable returns.
7,Finance,Tax saving ELSS funds have a lock-in period.
8,Finance,Portfolio rebalancing helps manage investment risk.
9,Finance,Financial planning should start early.
10,Finance,Retirement planning requires disciplined investing.
11,Sports,India won the cricket match yesterday.
12,Sports,Virat Kohli scored another century.
13,Sports,The football team qualified for the finals.
14,Sports,The tennis championship begins next week.
15,Sports,Basketball players trained throughout the summer.
16,Sports,Olympic athletes prepare for years.
17,Sports,The goalkeeper made an excellent save.
18,Sports,The marathon attracted thousands of runners.
19,Sports,The cricket stadium was completely full.
20,Sports,The coach announced the playing eleven.
21,Food,Fresh vegetables are healthy for everyone.
22,Food,Pizza is popular across many countries.
23,Food,Pasta with tomato sauce is delicious.
24,Food,Chocolate cake is my favorite dessert.
25,Food,Fruits contain important vitamins.
26,Food,Salads provide fiber and nutrients.
27,Food,The chef prepared spicy curry.
28,Food,Grilled sandwiches are easy to make.
29,Food,Healthy breakfast improves concentration.
30,Food,Ice cream melts quickly in summer.
31,Technology,Artificial intelligence is transforming industries.
32,Technology,Machine learning improves predictive models.
33,Technology,Cloud computing enables scalable applications.
34,Technology,Python is widely used for AI.
35,Technology,Docker simplifies software deployment.
36,Technology,Kubernetes manages container orchestration.
37,Technology,Generative AI creates new content.
38,Technology,Large language models understand text.
39,Technology,Cybersecurity protects digital assets.
40,Technology,Data science combines statistics and programming.
41,Travel,Paris attracts millions of tourists.
42,Travel,Japan is famous for cherry blossoms.
43,Travel,Mountain trekking is adventurous.
44,Travel,Beach vacations are relaxing.
45,Travel,Hotels offer online booking facilities.
46,Travel,Flights were delayed due to weather.
47,Travel,Travel insurance provides financial protection.
48,Travel,Backpacking is popular among students.
49,Travel,Cruise holidays are luxurious.
50,Travel,Historic monuments attract visitors.
51,Healthcare,Doctors recommend regular exercise.
52,Healthcare,Vaccinations prevent infectious diseases.
53,Healthcare,Balanced diets improve overall health.
54,Healthcare,Regular health checkups detect diseases early.
55,Healthcare,Hospitals provide emergency care.
56,Healthcare,Nurses support patient recovery.
57,Healthcare,Medical research improves treatments.
58,Healthcare,Walking reduces health risks.
59,Healthcare,Stress affects mental health.
60,Healthcare,Quality sleep improves immunity.
61,Education,Students attend online classes.
62,Education,Teachers prepare interactive lessons.
63,Education,Universities conduct research programs.
64,Education,Mathematics develops logical thinking.
65,Education,Science experiments improve learning.
66,Education,Programming is an essential skill.
67,Education,Books remain valuable learning resources.
68,Education,Digital classrooms improve engagement.
69,Education,Assignments encourage independent study.
70,Education,Scholarships support talented students.
71,Movies,The action movie was exciting.
72,Movies,Comedy films entertain audiences.
73,Movies,The director received an award.
74,Movies,The actor performed brilliantly.
75,Movies,The film collected record revenue.
76,Movies,Animated movies attract children.
77,Movies,The thriller kept viewers engaged.
78,Movies,Cinema technology has improved greatly.
79,Movies,Movie critics praised the screenplay.
80,Movies,Streaming services changed entertainment.
81,Environment,Climate change affects ecosystems.
82,Environment,Trees reduce air pollution.
83,Environment,Solar energy is renewable.
84,Environment,Wind power generates electricity.
85,Environment,Plastic pollution harms oceans.
86,Environment,Recycling conserves natural resources.
87,Environment,Electric vehicles reduce emissions.
88,Environment,Water conservation is essential.
89,Environment,Wildlife protection preserves biodiversity.
90,Environment,Sustainable farming benefits nature.
91,Business,Companies focus on customer satisfaction.
92,Business,Marketing increases brand awareness.
93,Business,Sales teams achieve revenue targets.
94,Business,Entrepreneurs solve real-world problems.
95,Business,Business analytics improves decision making.
96,Business,Leadership motivates employees.
97,Business,Innovation drives competitive advantage.
98,Business,Supply chains require optimization.
99,Business,Customer feedback improves products.
100,Business,Digital transformation changes organizations.